create database itv_sqlpro;

use itv_sqlpro;

create table supplier(
     s_id int NOT NULL,
     Supplier_Name varchar(50),
     PRIMARY KEY(s_id)
    );
    
insert into supplier values

(1, 'Kataria Motors'),
 (2, 'Varun Motors'),
 (3, 'Sai Services'),
 (4, 'Group Landmark'),
 (5, 'PASCO Group'),
 (6, 'Prem Motors'),
 (7, 'My Car'),
 (8, 'Star Group'),
 (9, 'Select Cars'),
 (10, 'Adviath Motors')
;

create table products(
     p_id int NOT NULL,
     ProductName varchar(50),
     PartNumber varchar(50),
     ProductLabel varchar(50),
     StartingInventory int NOT NULL,
     InventoryReceived int,
     InventoryShipped int,
     InventoryOnHand int,
     MinimumRequired int,
     PRIMARY KEY(p_id)
	);
    
insert into products values

(1,'GMC',43,'GMC-43',50,25,30,20,27),
(2,'BMW',39,'BMW-39',5, 86, 55, 7, 51),
(3,'Lincoln',2,'Lincoln-2',86, 64, 87, 76, 46),
(4,'Lotus',12,'Lotus-12',58, 74, 96, 12, 72),
(5,'Chervolet',65,'Chervolet-65',65, 51, 36, 36, 19),
(6,'Jeep',22,'Jeep-22',53, 30, 38, 77, 54),
(7,'Kia',89,'Kia-89',75, 6, 38, 44, 40),
(8,'Honda',60,'Honda-60',55, 42, 53, 56, 5),
(9,'Pontiac',37,'Pontiac-37',34, 51, 5, 55, 26),
(10,'Dodge',04,'Dodge-04',81, 11, 85, 84, 5),
(11,'BMWx2',45,'BMWx2-45',9, 33, 36, 13, 84),
(12,'HondaCity',18,'HondaCity-18',75, 21, 18, 14, 41),
(13,'DodgeNexus',07,'DodgeNexus-07',97, 51, 72, 87, 15),
(14,'LicolnXXY',10,'LicolnXXY-10',31, 84, 97, 19, 39),
(15,'LotusoW',08,'LotusoW-08',50, 81, 15, 28, 73),
(16,'Chervolet2B',15,'Chervolet2B-15',83, 62, 22, 3, 63),
(17,'JeepMons',93,'JeepMons',51, 3, 35, 97, 12),
(18,'KiaAvator',68,'KiaAvator-59', 73, 19, 78, 26,23),
(19,'PontiacCE4',72,'PontiacCE4-72',35, 20, 25, 35, 53),
(20,'GMC90',88,'GMC90-88',80, 84, 20, 4, 93)
;

create table orders(
     O_id int NOT NULL,
     Title varchar(50),
     First varchar(50),
     Middle varchar(50),
     Last varchar(50),
     ProductId int NOT NULL,
     NumberShipped int,
     OrderDate DATE,
     PRIMARY KEY(O_id),
     FOREIGN KEY(ProductId) REFERENCES products(p_id)
     );
     
insert into orders values

 (1, 'Rev', 'Burl', 'Amalie', 'Alesbrook', 18, 1, '2002-06-11'),
 (2, 'Dr', 'Richmond', 'Davide', 'Tiller', 9, 4, '2008-03-12'),
 (3, 'Dr', 'Coleman', 'Vassily', 'Wolfendale', 3, 1, '2018-06-01'),
 (4, 'Ms', 'Cordelia', 'Shayla', 'Lamburne', 12, 3, '2015-05-01'),
 (5, 'Rev', 'Saul', 'Frederico', 'Inder', 5, 6, '2014-07-23'),
 (6, 'Honorable', 'Ruben', 'Ricardo', 'Wightman', 17, 1, '2007-07-11'),
 (7, 'Ms', 'Carrissa', 'Cayla', 'Barnewelle', 1, 4, '2011-04-21'),
 (8, 'Ms', 'Jerri', 'Timmie', 'Easlea', 11, 5, '2020-04-19'),
 (9, 'Mrs', 'Klemens', 'Benton', 'Prewer', 5, 8, '2002-02-04'),
 (10, 'Rev', 'Kip', 'Cece', 'Brosius', 17, 5, '2002-06-03'),
 (11, 'Ms', 'Burnaby', 'Alvy', 'Profit', 3, 3, '2006-05-18'),
 (12, 'Rev', 'Maurizia', 'Den', 'Rosenvasser', 10, 2, '2010-07-12'),
 (13, 'Ms', 'Winne', 'Yale', 'Roberts', 2, 10, '2012-11-20'),
 (14, 'Mrs', 'Nelia', 'Burtie', 'McMarquis', 9, 10, '2012-07-07'),
 (15, 'Mr', 'Coleman', 'Fraze', 'Catlow', 3, 5, '2016-03-25'),
 (16, 'Mr', 'Eulalie', 'Avery', 'Rubinlicht', 6, 10, '2001-07-08'),
 (17, 'Honorable', 'Norri', 'Kikelia', 'Sommerton', 1, 4, '2000-02-14'),
 (18, 'Rev', 'Marinna', 'Dallis', 'Creer', 10, 6, '2002-10-18'),
 (19, 'Mrs', 'Davidde', 'Wiatt', 'Swynfen', 5, 10, '2021-03-10'),
 (20, 'Mrs', 'Othello', 'Dalton', 'Brockwell', 6, 1, '2010-10-25'),
 (21, 'Honorable', 'Lauren', 'Logan', 'Stanhope', 17, 1, '2013-11-03'),
 (22, 'Mrs', 'Lira', 'Susann', 'Hagland', 11, 1, '2002-03-27'),
 (23, 'Mr', 'Cad', 'Patton', 'Strelitzki', 13, 7, '2023-12-07'),
 (24, 'Mr', 'Marinna', 'Wrennie', 'Dye', 6, 7, '2021-11-10'),
 (25, 'Mr', 'Giselle', 'Bogey', 'Hum', 20, 10, '2021-06-30'),
 (26, 'Ms', 'Tish', 'James', 'Marrable', 14, 2, '2016-02-27'),
 (27, 'Honorable', 'Lane', 'Nicholle', 'Vakhlov', 14, 8, '2012-08-10'),
 (28, 'Mr', 'Heriberto', 'Sioux', 'Greatbank', 9, 5, '2014-09-10'),
 (29, 'Mr', 'Selina', 'Logan', 'Buncom', 10, 7, '2006-07-06'),
 (30, 'Ms', 'Bambi', 'Celene', 'Carous', 15, 7, '2008-11-04'),
 (31, 'Rev', 'Mara', 'Greta', 'Mayman', 19, 4, '2015-08-31'),
 (32, 'Ms', 'Mano', 'Ambros', 'Patmore', 17, 2, '2009-09-10'),
 (33, 'Dr', 'Averil', 'Burnaby', 'Lurcock', 17, 9, '2009-10-11'),
 (34, 'Mr', 'Darlleen', 'Jean', 'Goldie', 20, 10, '2002-07-06'),
 (35, 'Ms', 'Jennie', 'Sampson', 'Wilshaw', 17, 4, '2015-12-19'),
 (36, 'Ms', 'Ertha', 'Leigha', 'Kraft', 13, 3, '2013-04-14'),
 (37, 'Rev', 'Sandy', 'Cornie', 'MacConnulty', 7, 8, '2003-10-25'),
 (38, 'Dr', 'Fan', 'Lian', 'Wray', 7, 1, '2014-04-25'),
 (39, 'Honorable', 'Frants', 'Queenie', 'Borgars', 12, 2, '2014-05-20'),
 (40, 'Mr', 'Oren', 'Constancy', 'Jowle', 20, 1, '2023-03-16'),
 (41, 'Honorable', 'Daune', 'Ursulina', 'Falloon', 11, 8, '2009-05-05'),
 (42, 'Honorable', 'Van', 'Reed', 'Waddilow', 14, 1, '2012-03-13'),
 (43, 'Mrs', 'Chandler', 'Orsola', 'Bayly', 7, 4, '2023-06-20'),
 (44, 'Rev', 'Lusa', 'Rina', 'Stillert', 18, 3, '2011-05-25'),
 (45, 'Dr', 'Alverta', 'Nanice', 'Venard', 1, 3, '2009-08-02'),
 (46, 'Dr', 'Dalli', 'Ivor', 'Asaaf', 15, 3, '2009-01-29'),
 (47, 'Ms', 'Jolee', 'Randi', 'Tink', 6, 4, '2018-12-26'),
 (48, 'Dr', 'Maribeth', 'Lidia', 'Kippin', 9, 3, '2020-08-16'),
 (49, 'Rev', 'Alasteir', 'Pate', 'Hyndley', 17, 4, '2015-12-18'),
 (50, 'Mrs', 'Sol', 'Wyatan', 'Oller', 4, 8, '2009-12-19'),
 (51, 'Mrs', 'Jakob', 'Gianna', 'Narey', 4, 5, '2002-10-24'),
 (52, 'Honorable', 'Yanaton', 'Halimeda', 'Teffrey', 2, 1, '2007-03-20'),
 (53, 'Rev', 'Alix', 'Susette', 'Laugier', 13, 2, '2016-04-24'),
 (54, 'Rev', 'Mella', 'Johnette', 'Jefferson', 12, 8, '2012-04-29'),
 (55, 'Mrs', 'Celine', 'Darb', 'Tanswell', 19, 3, '2010-08-22'),
 (56, 'Mrs', 'Leontine', 'Milo', 'Schultheiss', 4, 3, '2023-11-25'),
 (57, 'Rev', 'Gamaliel', 'Violet', 'Traill', 18, 6, '2012-05-02'),
 (58, 'Honorable', 'Sonni', 'Foster', 'Molson', 16, 2, '2023-12-25'),
 (59, 'Mrs', 'Ritchie', 'Carley', 'Uren', 15, 3, '2002-04-06'),
 (60, 'Mr', 'Cordy', 'Claudina', 'Kenyam', 6, 2, '2013-11-05'),
 (61, 'Honorable', 'Georgianna', 'Jimmie', 'Gardner', 4, 5, '2012-07-18'),
 (62, 'Mrs', 'Charil', 'York', 'Peniman', 3, 1, '2006-01-14'),
 (63, 'Rev', 'Dill', 'Otis', 'Dumelow', 20, 4, '2003-06-16'),
 (64, 'Dr', 'Moria', 'Evonne', 'Alliot', 13, 6, '2006-10-08'),
 (65, 'Mrs', 'Dollie', 'Katya', 'Matthiesen', 1, 3, '2001-09-30'),
 (66, 'Dr', 'Mikey', 'Brooke', 'MacInnes', 14, 10, '2000-02-13'),
 (67, 'Honorable', 'Orin', 'Celene', 'Huggill', 7, 4, '2019-02-07'),
 (68, 'Rev', 'Jase', 'Inessa', 'Bermingham', 5, 8, '2006-08-21'),
 (69, 'Honorable', 'Malinda', 'Lorenzo', 'Feronet', 12, 7, '2006-12-14'),
 (70, 'Rev', 'Meggie', 'Sashenka', 'de Keep', 4, 8, '2000-02-26'),
 (71, 'Rev', 'Marven', 'Trude', 'Grigoryev', 4, 7, '2000-11-08'),
 (72, 'Dr', 'Stavros', 'Abbot', 'Rigler', 13, 3, '2019-05-31'),
 (73, 'Honorable', 'Lowell', 'Jenica', 'Standeven', 15, 2, '2022-07-15'),
 (74, 'Ms', 'Roanna', 'Raquel', 'Tomaskov', 15, 4, '2001-04-22'),
 (75, 'Rev', 'Tierney', 'Emmanuel', 'Maddie', 9, 6, '2002-04-01'),
 (76, 'Mrs', 'Moshe', 'Gaylor', 'Lanigan', 16, 6, '2000-11-22'),
 (77, 'Dr', 'Vernen', 'Jerrie', 'Nel', 7, 9, '2010-10-26'),
 (78, 'Mr', 'Lee', 'Alejoa', 'Thurlby', 1, 10, '2023-01-13'),
 (79, 'Mr', 'Donielle', 'Odele', 'Grishmanov', 2, 8, '2009-10-16'),
 (80, 'Honorable', 'Vinson', 'Giovanna', 'Sallans', 13, 6, '2014-05-05'),
 (81, 'Mr', 'Julieta', 'Penny', 'Ciccerale', 14, 7, '2006-08-26'),
 (82, 'Rev', 'Josefa', 'Othella', 'Picker', 12, 6, '2006-01-07'),
 (83, 'Rev', 'Modestine', 'Gabi', 'Hebblethwaite', 11, 3, '2013-07-16'),
 (84, 'Mrs', 'Damon', 'Florina', 'Odde', 15, 10, '2010-12-27'),
 (85, 'Ms', 'Kira', 'Ashely', 'Treffrey', 13, 6, '2002-10-24'),
 (86, 'Mrs', 'Ianthe', 'Carey', 'Calderon', 3, 9, '2022-05-01'),
 (87, 'Dr', 'Lewiss', 'Nanine', 'Titmuss', 9, 1, '2004-12-25'),
 (88, 'Mr', 'Mallorie', 'Filberte', 'Lermouth', 2, 3, '2017-08-15'),
 (89, 'Mrs', 'Avigdor', 'Liane', 'Taylour', 3, 2, '2003-01-13'),
 (90, 'Mr', 'Jodi', 'Poul', 'Flori', 2, 8, '2022-12-28'),
 (91, 'Dr', 'Myrna', 'Edy', 'Espin', 6, 4, '2016-08-31'),
 (92, 'Mr', 'Saidee', 'Antonietta', 'Kidston', 11, 6, '2003-05-06'),
 (93, 'Rev', 'Tracy', 'Chicky', 'Walby', 5, 7, '2009-03-16'),
 (94, 'Honorable', 'Cecilla', 'Ruprecht', 'Toupe', 10, 10, '2010-05-01'),
 (95, 'Ms', 'Hillary', 'Herrick', 'Bensusan', 11, 10, '2008-05-09'),
 (96, 'Dr', 'Vickie', 'Silas', 'Rigbye', 8, 10, '2009-09-10'),
 (97, 'Honorable', 'Tonye', 'Suellen', 'Mallon', 2, 8, '2020-05-31'),
 (98, 'Rev', 'Bibbye', 'Katharyn', 'Simonetto', 15, 9, '2019-02-15'),
 (99, 'Dr', 'Shoshana', 'Brendan', 'Yve', 10, 5, '2017-12-25'),
 (100, 'Rev', 'Jayne', 'Laverna', 'Reeds', 2, 7, '2010-09-28')
;

create table purchases(
     Purchase_id int NOT NULL,
     SupplierId int NOT NULL,
     ProductId int NOT NULL,
     NumberReceived int,
     PurchaseDate DATE,
     PRIMARY KEY(Purchase_id),
     FOREIGN KEY(SupplierId) REFERENCES supplier(s_id),
     FOREIGN KEY(ProductId) REFERENCES products(p_id)
     );
     
insert into purchases values

(1, 8, 3, 12, '2004-04-01'),
 (2, 10, 12, 9, '2010-01-13'),
 (3, 6, 17, 3, '2020-05-07'),
 (4, 1, 13, 14, '2006-02-05'),
 (5, 5, 10, 5, '2012-02-04'),
 (6, 5, 4, 1, '2006-07-04'),
 (7, 1, 9, 16, '2021-03-18'),
 (8, 6, 4, 14, '2014-10-12'),
 (9, 9, 19, 8, '2002-04-11'),
 (10, 5, 5, 8, '2009-10-04'),
 (11, 4, 17, 16, '2002-10-25'),
 (12, 5, 14, 9, '2007-07-02'),
 (13, 7, 5, 9, '2012-08-27'),
 (14, 6, 18, 6, '2003-02-18'),
 (15, 3, 13, 12, '2014-10-23'),
 (16, 7, 19, 9, '2020-06-01'),
 (17, 4, 20, 12, '2020-05-23'),
 (18, 6, 20, 5, '2001-11-07'),
 (19, 3, 9, 11, '2022-07-30'),
 (20, 3, 9, 12, '2003-01-14'),
 (21, 7, 16, 16, '2005-01-29'),
 (22, 8, 20, 8, '2002-02-22'),
 (23, 1, 17, 1, '2019-11-09'),
 (24, 4, 5, 7, '2015-09-11'),
 (25, 9, 13, 2, '2012-10-28'),
 (26, 7, 10, 4, '2015-11-29'),
 (27, 2, 1, 10, '2023-09-02'),
 (28, 3, 16, 7, '2018-04-13'),
 (29, 2, 8, 12, '2015-07-19'),
 (30, 3, 8, 12, '2018-02-24'),
 (31, 5, 20, 5, '2013-05-14'),
 (32, 7, 19, 4, '2019-02-19'),
 (33, 7, 18, 3, '2016-02-19'),
 (34, 7, 10, 3, '2014-01-29'),
 (35, 6, 19, 10, '2006-01-31'),
 (36, 6, 1, 9, '2006-02-11'),
 (37, 10, 1, 2, '2005-06-22'),
 (38, 6, 17, 13, '2008-12-22'),
 (39, 9, 1, 13, '2012-05-24'),
 (40, 9, 7, 3, '2021-02-01'),
 (41, 4, 5, 1, '2019-09-09'),
 (42, 1, 4, 7, '2002-06-28'),
 (43, 4, 7, 3, '2018-10-17'),
 (44, 6, 15, 6, '2015-06-24'),
 (45, 6, 14, 9, '2017-03-22'),
 (46, 1, 13, 6, '2010-07-06'),
 (47, 10, 9, 12, '2011-12-19'),
 (48, 2, 16, 5, '2008-05-23'),
 (49, 1, 9, 1, '2018-05-26'),
 (50, 5, 20, 17, '2021-01-18'),
 (51, 2, 17, 15, '2021-12-23'),
 (52, 10, 8, 1, '2004-09-10'),
 (53, 6, 12, 1, '2006-08-15'),
 (54, 2, 8, 10, '2000-03-11'),
 (55, 2, 11, 12, '2006-03-30'),
 (56, 9, 7, 15, '2003-10-02'),
 (57, 7, 14, 3, '2000-06-02'),
 (58, 7, 17, 9, '2015-09-19'),
 (59, 1, 5, 12, '2004-05-19'),
 (60, 7, 2, 1, '2010-01-28'),
 (61, 5, 16, 7, '2006-09-08'),
 (62, 9, 1, 6, '2019-04-23'),
 (63, 4, 4, 1, '2021-06-08'),
 (64, 4, 19, 9, '2010-01-28'),
 (65, 9, 1, 5, '2008-05-05'),
 (66, 5, 5, 15, '2020-08-08'),
 (67, 4, 7, 5, '2000-01-05'),
 (68, 5, 3, 17, '2009-04-05'),
 (69, 3, 20, 8, '2016-04-23'),
 (70, 7, 1, 16, '2018-05-31'),
 (71, 2, 11, 6, '2002-04-05'),
 (72, 2, 6, 1, '2009-10-10'),
 (73, 5, 12, 15, '2018-09-08'),
 (74, 4, 10, 4, '2015-02-14'),
 (75, 3, 3, 14, '2019-04-07'),
 (76, 7, 9, 12, '2010-02-17'),
 (77, 7, 17, 1, '2008-10-15'),
 (78, 3, 8, 16, '2013-12-23'),
 (79, 2, 13, 5, '2004-07-04'),
 (80, 4, 7, 11, '2015-07-25'),
 (81, 8, 1, 13, '2002-02-11'),
 (82, 9, 2, 3, '2008-01-31'),
 (83, 3, 14, 3, '2005-12-07'),
 (84, 7, 14, 8, '2012-02-09'),
 (85, 1, 2, 10, '2002-01-19'),
 (86, 6, 19, 14, '2023-03-19'),
 (87, 3, 19, 16, '2012-03-15'),
 (88, 9, 15, 17, '2012-02-11'),
 (89, 9, 2, 9, '2011-10-30'),
 (90, 5, 12, 11, '2001-09-17'),
 (91, 4, 19, 1, '2023-08-17'),
 (92, 2, 16, 3, '2020-12-08'),
 (93, 9, 18, 11, '2012-02-07'),
 (94, 10, 20, 6, '2021-10-04'),
 (95, 8, 10, 17, '2005-03-09'),
 (96, 6, 8, 14, '2013-04-13'),
 (97, 9, 3, 14, '2006-03-11'),
 (98, 1, 12, 17, '2008-07-24'),
 (99, 9, 19, 5, '2020-07-26'),
 (100, 4, 12, 16, '2016-11-27')
 ;





